CumNormalInv.cpp,58,15
CumNormalInv.cpp,58,10
HJM_SimPath_Forward_Blocking.cpp,64,16
HJM_SimPath_Forward_Blocking.cpp,64,16
HJM_SimPath_Forward_Blocking.cpp,65,19
HJM_SimPath_Forward_Blocking.cpp,67,39
HJM_SimPath_Forward_Blocking.cpp,66,21
HJM_SimPath_Forward_Blocking.cpp,67,39
HJM_SimPath_Forward_Blocking.cpp,67,39
HJM_SimPath_Forward_Blocking.cpp,144,16
HJM_SimPath_Forward_Blocking.cpp,144,16
HJM_SimPath_Forward_Blocking.cpp,145,14
HJM_SimPath_Forward_Blocking.cpp,145,14
HJM_SimPath_Forward_Blocking.cpp,147,16
HJM_SimPath_Forward_Blocking.cpp,147,16
HJM_SimPath_Forward_Blocking.cpp,150,18
HJM_SimPath_Forward_Blocking.cpp,151,33
HJM_SimPath_Forward_Blocking.cpp,64,16
HJM_SimPath_Forward_Blocking.cpp,64,16
HJM_SimPath_Forward_Blocking.cpp,65,19
HJM_SimPath_Forward_Blocking.cpp,67,39
HJM_SimPath_Forward_Blocking.cpp,66,21
HJM_SimPath_Forward_Blocking.cpp,67,39
HJM_SimPath_Forward_Blocking.cpp,116,23
HJM_SimPath_Forward_Blocking.cpp,116,23
HJM_SimPath_Forward_Blocking.cpp,118,23
HJM_SimPath_Forward_Blocking.cpp,121,56
HJM_SimPath_Forward_Blocking.cpp,119,25
HJM_SimPath_Forward_Blocking.cpp,121,56
HJM_SimPath_Forward_Blocking.cpp,102,16
HJM_SimPath_Forward_Blocking.cpp,102,16
HJM_SimPath_Forward_Blocking.cpp,103,13
HJM_SimPath_Forward_Blocking.cpp,103,13
HJM_SimPath_Forward_Blocking.cpp,106,15
HJM_SimPath_Forward_Blocking.cpp,107,40
HJM_SimPath_Forward_Blocking.cpp,93,19
HJM_SimPath_Forward_Blocking.cpp,95,17
HJM_SimPath_Forward_Blocking.cpp,96,17
HJM_SimPath_Forward_Blocking.cpp,121,56
HJM_SimPath_Forward_Blocking.cpp,67,39
HJM_SimPath_Forward_Blocking.cpp,161,14
HJM_SimPath_Forward_Blocking.cpp,162,14
HJM.cpp,136,14
HJM.cpp,136,14
HJM.cpp,137,13
HJM.cpp,137,13
HJM.cpp,138,27
HJM.cpp,177,11
HJM.cpp,177,11
HJM.cpp,180,12
HJM.cpp,181,36
HJM.cpp,164,13
HJM.cpp,164,13
HJM.cpp,165,14
HJM.cpp,165,14
HJM.cpp,168,13
HJM.cpp,169,21
HJM.cpp,160,13
HJM.cpp,161,47
HJM.cpp,219,12
HJM.cpp,219,12
HJM.cpp,225,13
HJM.cpp,225,13
HJM.cpp,228,15
HJM.cpp,229,37
HJM.cpp,222,14
HJM.cpp,223,26
HJM.cpp,210,11
HJM.cpp,212,20
HJM.cpp,208,15
HJM.cpp,212,20
HJM.cpp,223,26
HJM.cpp,223,26
HJM.cpp,230,74
HJM.cpp,235,14
HJM.cpp,46,21
HJM.cpp,47,21
HJM.cpp,48,24
HJM.cpp,61,23
HJM.cpp,71,32
HJM.cpp,80,14
HJM.cpp,81,14
HJM.cpp,82,14
HJM.cpp,74,15
HJM.cpp,75,15
HJM.cpp,76,15
HJM.cpp,64,15
HJM.cpp,65,15
HJM.cpp,66,15
HJM_Swaption_Blocking.cpp,152,46
HJM_Swaption_Blocking.cpp,152,46
HJM_Swaption_Blocking.cpp,182,17
HJM_Swaption_Blocking.cpp,182,17
HJM_Swaption_Blocking.cpp,184,12
HJM_Swaption_Blocking.cpp,185,37
HJM_Swaption_Blocking.cpp,169,17
HJM_Swaption_Blocking.cpp,172,53
HJM_Swaption_Blocking.cpp,158,16
HJM_Swaption_Blocking.cpp,160,64
HJM_Swaption_Blocking.cpp,128,22
HJM_Swaption_Blocking.cpp,128,22
HJM_Swaption_Blocking.cpp,55,39
HJM_Swaption_Blocking.cpp,73,23
HJM_Swaption_Blocking.cpp,74,22
HJM_Swaption_Blocking.cpp,75,22
HJM_Swaption_Blocking.cpp,76,25
HJM_Swaption_Blocking.cpp,106,36
HJM_Swaption_Blocking.cpp,107,34
HJM_Swaption_Blocking.cpp,113,27
HJM_Swaption_Blocking.cpp,114,35
HJM_Swaption_Blocking.cpp,116,26
HJM_Swaption_Blocking.cpp,127,22
HJM_Swaption_Blocking.cpp,133,24
HJM_Swaption_Blocking.cpp,131,24
HJM_Swaption_Blocking.cpp,137,34
HJM_Swaption_Blocking.cpp,142,24
HJM_Swaption_Blocking.cpp,152,46
HJM_Swaption_Blocking.cpp,163,43
HJM_Swaption_Blocking.cpp,175,43
HJM_Swaption_Blocking.cpp,187,24
HJM_Swaption_Blocking.cpp,201,30
HJM_Swaption_Blocking.cpp,202,29
HJM.cpp,279,11
HJM.cpp,279,11
HJM.cpp,280,12
HJM.cpp,282,22
HJM.cpp,281,13
HJM.cpp,282,40
HJM.cpp,274,11
HJM.cpp,276,20
HJM.cpp,269,11
HJM.cpp,271,38
HJM.cpp,270,12
HJM.cpp,271,38
HJM.cpp,260,11
HJM.cpp,260,11
HJM.cpp,263,12
HJM.cpp,264,36
HJM.cpp,256,22
HJM.cpp,257,22
HJM.cpp,265,23
HJM.cpp,276,20
HJM.cpp,284,14
HJM.cpp,285,14
HJM.cpp,302,11
HJM.cpp,303,30
HJM.cpp,324,20
HJM.cpp,324,20
HJM.cpp,325,22
HJM.cpp,326,40
HJM.cpp,326,40
HJM.cpp,354,13
HJM.cpp,354,13
HJM.cpp,355,15
HJM.cpp,356,27
HJM.cpp,352,13
HJM.cpp,352,45
HJM.cpp,344,20
HJM.cpp,352,45
HJM.cpp,358,14
HJM.cpp,390,13
HJM.cpp,390,13
HJM.cpp,392,15
HJM.cpp,395,70
HJM.cpp,394,17
HJM.cpp,395,43
HJM.cpp,383,13
HJM.cpp,383,58
HJM.cpp,380,20
HJM.cpp,383,58
HJM.cpp,401,14
HJM_Securities.cpp,104,42
HJM_Securities.cpp,104,42
HJM_Securities.cpp,104,42
HJM_Securities.cpp,110,6
HJM_Securities.cpp,121,10
HJM_Securities.cpp,122,10
HJM_Securities.cpp,123,10
HJM_Securities.cpp,124,10
HJM_Securities.cpp,125,10
HJM_Securities.cpp,126,10
HJM_Securities.cpp,321,23
HJM_Securities.cpp,321,23
HJM_Securities.cpp,315,23
HJM_Securities.cpp,315,23
HJM_Securities.cpp,298,23
HJM_Securities.cpp,298,23
HJM_Securities.cpp,294,23
HJM_Securities.cpp,294,23
HJM_Securities.cpp,257,23
HJM_Securities.cpp,257,23
HJM_Securities.cpp,275,20
HJM_Securities.cpp,277,50
HJM_Securities.cpp,271,20
HJM_Securities.cpp,272,63
HJM_Securities.cpp,160,28
HJM_Securities.cpp,160,28
HJM_Securities.cpp,340,1
HJM_Securities.cpp,143,15
HJM_Securities.cpp,144,8
HJM_Securities.cpp,160,15
HJM_Securities.cpp,161,20
HJM_Securities.cpp,162,20
HJM_Securities.cpp,163,20
HJM_Securities.cpp,165,20
HJM_Securities.cpp,166,24
HJM_Securities.cpp,167,17
HJM_Securities.cpp,177,15
HJM_Securities.cpp,178,53
HJM_Securities.cpp,193,32
HJM_Securities.cpp,194,19
HJM_Securities.cpp,213,19
HJM_Securities.cpp,253,18
HJM_Securities.cpp,261,56
HJM_Securities.cpp,263,57
HJM_Securities.cpp,269,41
HJM_Securities.cpp,274,44
HJM_Securities.cpp,293,6
HJM_Securities.cpp,296,25
HJM_Securities.cpp,299,23
HJM_Securities.cpp,302,6
HJM_Securities.cpp,316,18
HJM_Securities.cpp,322,23
HJM_Securities.cpp,323,16
HJM_Securities.cpp,330,13
HJM_Securities.cpp,133,5
HJM_Securities.cpp,200,10
HJM_Securities.cpp,201,7
HJM_Securities.cpp,190,10
HJM_Securities.cpp,191,7
HJM_Securities.cpp,172,18
HJM_Securities.cpp,173,22
HJM_Securities.cpp,174,15
HJM_Securities.cpp,155,22
HJM_Securities.cpp,156,15
